trial,testing,parameters,initial_deadline,final_deadline,net_reward,actions,success
1,False,"{'a': 0.5, 'e': 0.99}",20,0,-119.92260814044121,"{0: 12, 1: 1, 2: 5, 3: 0, 4: 2}",0
2,False,"{'a': 0.5, 'e': 0.9801}",25,0,-159.5551207170528,"{0: 14, 1: 3, 2: 4, 3: 2, 4: 2}",0
3,False,"{'a': 0.5, 'e': 0.9702989999999999}",20,0,-146.30546536236952,"{0: 9, 1: 5, 2: 3, 3: 1, 4: 2}",0
4,False,"{'a': 0.5, 'e': 0.96059601}",30,0,-274.40806514296725,"{0: 16, 1: 2, 2: 5, 3: 2, 4: 5}",0
5,False,"{'a': 0.5, 'e': 0.9509900498999999}",30,14,-89.33062123268378,"{0: 9, 1: 1, 2: 4, 3: 1, 4: 1}",1
6,False,"{'a': 0.5, 'e': 0.9414801494009999}",30,0,-119.86102644371462,"{0: 21, 1: 2, 2: 4, 3: 1, 4: 2}",0
7,False,"{'a': 0.5, 'e': 0.9320653479069899}",20,0,-101.06165644413625,"{0: 10, 1: 5, 2: 3, 3: 1, 4: 1}",0
8,False,"{'a': 0.5, 'e': 0.92274469442792}",30,0,-234.97361275024045,"{0: 18, 1: 0, 2: 6, 3: 2, 4: 4}",0
9,False,"{'a': 0.5, 'e': 0.9135172474836407}",20,0,-44.51506252843952,"{0: 13, 1: 2, 2: 5, 3: 0, 4: 0}",0
10,False,"{'a': 0.5, 'e': 0.9043820750088043}",20,0,-72.44899918509928,"{0: 13, 1: 1, 2: 5, 3: 0, 4: 1}",0
11,False,"{'a': 0.5, 'e': 0.8953382542587163}",20,0,-78.72735730178788,"{0: 14, 1: 0, 2: 4, 3: 1, 4: 1}",0
12,False,"{'a': 0.5, 'e': 0.8863848717161291}",30,0,-60.652015859766614,"{0: 22, 1: 0, 2: 8, 3: 0, 4: 0}",0
13,False,"{'a': 0.5, 'e': 0.8775210229989678}",20,0,-60.07156716907348,"{0: 12, 1: 1, 2: 7, 3: 0, 4: 0}",0
14,False,"{'a': 0.5, 'e': 0.8687458127689781}",35,0,-71.95861528546034,"{0: 25, 1: 2, 2: 7, 3: 1, 4: 0}",0
15,False,"{'a': 0.5, 'e': 0.8600583546412883}",30,0,-121.61722158895228,"{0: 21, 1: 2, 2: 4, 3: 1, 4: 2}",0
16,False,"{'a': 0.5, 'e': 0.8514577710948754}",25,0,-164.7874478710444,"{0: 14, 1: 3, 2: 5, 3: 0, 4: 3}",0
17,False,"{'a': 0.5, 'e': 0.8429431933839266}",25,0,-131.8781742485256,"{0: 17, 1: 4, 2: 1, 3: 0, 4: 3}",0
18,False,"{'a': 0.5, 'e': 0.8345137614500874}",25,0,-81.77360021992186,"{0: 17, 1: 2, 2: 5, 3: 0, 4: 1}",0
19,False,"{'a': 0.5, 'e': 0.8261686238355865}",20,0,-71.44085404010023,"{0: 14, 1: 1, 2: 4, 3: 0, 4: 1}",0
20,False,"{'a': 0.5, 'e': 0.8179069375972307}",25,0,-114.29984513876504,"{0: 16, 1: 5, 2: 2, 3: 0, 4: 2}",0
21,False,"{'a': 0.5, 'e': 0.8097278682212583}",25,0,-46.2159596286731,"{0: 17, 1: 5, 2: 2, 3: 1, 4: 0}",0
22,False,"{'a': 0.5, 'e': 0.8016305895390458}",25,0,-56.17801168051472,"{0: 19, 1: 2, 2: 3, 3: 0, 4: 1}",0
23,False,"{'a': 0.5, 'e': 0.7936142836436553}",25,0,-110.96439132430565,"{0: 17, 1: 2, 2: 4, 3: 0, 4: 2}",0
24,False,"{'a': 0.5, 'e': 0.7856781408072188}",20,0,-198.36169298128777,"{0: 12, 1: 0, 2: 3, 3: 1, 4: 4}",0
25,False,"{'a': 0.5, 'e': 0.7778213593991465}",25,0,-82.3229907704385,"{0: 17, 1: 2, 2: 5, 3: 0, 4: 1}",0
26,False,"{'a': 0.5, 'e': 0.7700431458051551}",20,0,-63.256032515357454,"{0: 15, 1: 1, 2: 2, 3: 1, 4: 1}",0
27,False,"{'a': 0.5, 'e': 0.7623427143471035}",20,0,-34.04899460816942,"{0: 17, 1: 1, 2: 1, 3: 0, 4: 1}",0
28,False,"{'a': 0.5, 'e': 0.7547192872036325}",20,0,-52.81613211729805,"{0: 16, 1: 0, 2: 2, 3: 1, 4: 1}",0
29,False,"{'a': 0.5, 'e': 0.7471720943315961}",25,0,-12.04467421043035,"{0: 20, 1: 3, 2: 1, 3: 1, 4: 0}",0
30,False,"{'a': 0.5, 'e': 0.7397003733882802}",30,0,-266.79490549694043,"{0: 17, 1: 2, 2: 4, 3: 2, 4: 5}",0
31,False,"{'a': 0.5, 'e': 0.7323033696543974}",30,12,9.631949428763605,"{0: 16, 1: 1, 2: 1, 3: 0, 4: 0}",1
32,False,"{'a': 0.5, 'e': 0.7249803359578534}",20,0,-124.42190788057326,"{0: 13, 1: 1, 2: 2, 3: 2, 4: 2}",0
33,False,"{'a': 0.5, 'e': 0.7177305325982748}",30,0,-31.66013876525785,"{0: 26, 1: 1, 2: 2, 3: 0, 4: 1}",0
34,False,"{'a': 0.5, 'e': 0.7105532272722921}",25,0,-51.52906093382989,"{0: 19, 1: 1, 2: 4, 3: 0, 4: 1}",0
35,False,"{'a': 0.5, 'e': 0.7034476949995692}",20,0,-96.15275529017919,"{0: 11, 1: 0, 2: 7, 3: 2, 4: 0}",0
36,False,"{'a': 0.5, 'e': 0.6964132180495735}",30,0,-37.79756952933634,"{0: 24, 1: 1, 2: 4, 3: 1, 4: 0}",0
37,False,"{'a': 0.5, 'e': 0.6894490858690777}",20,0,-75.33367774285308,"{0: 16, 1: 1, 2: 1, 3: 0, 4: 2}",0
38,False,"{'a': 0.5, 'e': 0.682554595010387}",25,12,-73.27498092646087,"{0: 7, 1: 1, 2: 4, 3: 0, 4: 1}",1
39,False,"{'a': 0.5, 'e': 0.6757290490602831}",20,8,-87.68102000532701,"{0: 7, 1: 2, 2: 1, 3: 0, 4: 2}",1
40,False,"{'a': 0.5, 'e': 0.6689717585696803}",30,0,-186.47158035101523,"{0: 19, 1: 2, 2: 4, 3: 2, 4: 3}",0
41,False,"{'a': 0.5, 'e': 0.6622820409839835}",25,0,-141.2699024016266,"{0: 12, 1: 1, 2: 11, 3: 0, 4: 1}",0
42,False,"{'a': 0.5, 'e': 0.6556592205741436}",20,0,0.9652952109123278,"{0: 17, 1: 1, 2: 2, 3: 0, 4: 0}",0
43,False,"{'a': 0.5, 'e': 0.6491026283684022}",25,9,-41.10207103641205,"{0: 10, 1: 0, 2: 6, 3: 0, 4: 0}",1
44,False,"{'a': 0.5, 'e': 0.6426116020847181}",20,0,-125.1525004905244,"{0: 13, 1: 0, 2: 4, 3: 1, 4: 2}",0
45,False,"{'a': 0.5, 'e': 0.6361854860638709}",25,0,-70.26949035683967,"{0: 19, 1: 1, 2: 3, 3: 1, 4: 1}",0
46,False,"{'a': 0.5, 'e': 0.6298236312032323}",30,0,-11.830356611574507,"{0: 26, 1: 1, 2: 2, 3: 1, 4: 0}",0
47,False,"{'a': 0.5, 'e': 0.6235253948912}",20,0,-13.4603928236525,"{0: 17, 1: 0, 2: 2, 3: 1, 4: 0}",0
48,False,"{'a': 0.5, 'e': 0.617290140942288}",30,0,-41.15367757962162,"{0: 23, 1: 2, 2: 4, 3: 1, 4: 0}",0
49,False,"{'a': 0.5, 'e': 0.6111172395328651}",20,3,16.695310759279515,"{0: 16, 1: 0, 2: 1, 3: 0, 4: 0}",1
50,False,"{'a': 0.5, 'e': 0.6050060671375365}",25,0,-10.007009607588298,"{0: 21, 1: 2, 2: 1, 3: 1, 4: 0}",0
51,False,"{'a': 0.5, 'e': 0.5989560064661611}",30,11,-13.23853155460342,"{0: 15, 1: 1, 2: 3, 3: 0, 4: 0}",1
52,False,"{'a': 0.5, 'e': 0.5929664464014994}",25,0,-90.2018247352251,"{0: 19, 1: 1, 2: 3, 3: 0, 4: 2}",0
53,False,"{'a': 0.5, 'e': 0.5870367819374844}",20,0,-121.81200396903915,"{0: 11, 1: 1, 2: 5, 3: 2, 4: 1}",0
54,False,"{'a': 0.5, 'e': 0.5811664141181095}",20,0,-13.693380961568188,"{0: 17, 1: 0, 2: 2, 3: 1, 4: 0}",0
55,False,"{'a': 0.5, 'e': 0.5753547499769285}",25,0,-12.282677499925025,"{0: 22, 1: 1, 2: 1, 3: 1, 4: 0}",0
56,False,"{'a': 0.5, 'e': 0.5696012024771592}",20,16,6.350245461773275,"{0: 4, 1: 0, 2: 0, 3: 0, 4: 0}",1
57,False,"{'a': 0.5, 'e': 0.5639051904523876}",25,15,-16.270004568626845,"{0: 7, 1: 0, 2: 3, 3: 0, 4: 0}",1
58,False,"{'a': 0.5, 'e': 0.5582661385478638}",25,15,-61.45292620184698,"{0: 6, 1: 0, 2: 3, 3: 0, 4: 1}",1
59,False,"{'a': 0.5, 'e': 0.5526834771623851}",20,0,-130.6992657658872,"{0: 11, 1: 2, 2: 4, 3: 1, 4: 2}",0
60,False,"{'a': 0.5, 'e': 0.5471566423907612}",25,0,-56.580197945222004,"{0: 20, 1: 2, 2: 1, 3: 1, 4: 1}",0
61,False,"{'a': 0.5, 'e': 0.5416850759668536}",20,6,10.06453832139837,"{0: 13, 1: 0, 2: 1, 3: 0, 4: 0}",1
62,False,"{'a': 0.5, 'e': 0.536268225207185}",20,0,-62.71138326655721,"{0: 14, 1: 2, 2: 3, 3: 0, 4: 1}",0
63,False,"{'a': 0.5, 'e': 0.5309055429551132}",25,0,-96.18641112391805,"{0: 20, 1: 0, 2: 2, 3: 1, 4: 2}",0
64,False,"{'a': 0.5, 'e': 0.525596487525562}",20,1,-79.3712102515214,"{0: 11, 1: 3, 2: 4, 3: 0, 4: 1}",1
65,False,"{'a': 0.5, 'e': 0.5203405226503064}",25,0,-90.4576322439782,"{0: 19, 1: 1, 2: 3, 3: 0, 4: 2}",0
66,False,"{'a': 0.5, 'e': 0.5151371174238033}",25,9,8.587752257517579,"{0: 14, 1: 1, 2: 1, 3: 0, 4: 0}",1
67,False,"{'a': 0.5, 'e': 0.5099857462495653}",30,2,-137.03004299334523,"{0: 19, 1: 1, 2: 4, 3: 2, 4: 2}",1
68,False,"{'a': 0.5, 'e': 0.5048858887870696}",25,7,-83.25027631973072,"{0: 13, 1: 1, 2: 2, 3: 0, 4: 2}",1
69,False,"{'a': 0.5, 'e': 0.4998370298991989}",25,5,-36.781591740308144,"{0: 17, 1: 0, 2: 2, 3: 0, 4: 1}",1
70,False,"{'a': 0.5, 'e': 0.49483865960020695}",30,0,-159.83157823656512,"{0: 21, 1: 1, 2: 4, 3: 1, 4: 3}",0
71,False,"{'a': 0.5, 'e': 0.4898902730042049}",25,7,-36.964395607532786,"{0: 13, 1: 0, 2: 4, 3: 1, 4: 0}",1
72,False,"{'a': 0.5, 'e': 0.48499137027416284}",20,0,-41.16183783959127,"{0: 13, 1: 2, 2: 5, 3: 0, 4: 0}",0
73,False,"{'a': 0.5, 'e': 0.4801414565714212}",25,0,-167.94900749272907,"{0: 18, 1: 0, 2: 3, 3: 0, 4: 4}",0
74,False,"{'a': 0.5, 'e': 0.475340042005707}",20,0,-58.623897915215764,"{0: 13, 1: 1, 2: 5, 3: 1, 4: 0}",0
75,False,"{'a': 0.5, 'e': 0.47058664158564995}",20,5,-50.577185238928934,"{0: 10, 1: 2, 2: 2, 3: 0, 4: 1}",1
76,False,"{'a': 0.5, 'e': 0.4658807751697934}",25,0,-50.494315619970806,"{0: 17, 1: 4, 2: 3, 3: 1, 4: 0}",0
77,False,"{'a': 0.5, 'e': 0.4612219674180955}",25,4,-5.95721734844785,"{0: 17, 1: 2, 2: 2, 3: 0, 4: 0}",1
78,False,"{'a': 0.5, 'e': 0.45660974774391455}",20,10,17.101619943725527,"{0: 10, 1: 0, 2: 0, 3: 0, 4: 0}",1
79,False,"{'a': 0.5, 'e': 0.4520436502664754}",30,13,-30.10312419074676,"{0: 14, 1: 1, 2: 1, 3: 0, 4: 1}",1
80,False,"{'a': 0.5, 'e': 0.44752321376381066}",25,3,-27.170774422571537,"{0: 19, 1: 0, 2: 2, 3: 0, 4: 1}",1
81,False,"{'a': 0.5, 'e': 0.44304798162617254}",30,3,-8.897018033921459,"{0: 24, 1: 1, 2: 1, 3: 0, 4: 1}",1
82,False,"{'a': 0.5, 'e': 0.4386175018099108}",20,12,-56.64595336915343,"{0: 5, 1: 0, 2: 1, 3: 1, 4: 1}",1
83,False,"{'a': 0.5, 'e': 0.4342313267918117}",30,0,-84.55550219926177,"{0: 26, 1: 0, 2: 0, 3: 2, 4: 2}",0
84,False,"{'a': 0.5, 'e': 0.4298890135238936}",25,15,21.659026481077316,"{0: 10, 1: 0, 2: 0, 3: 0, 4: 0}",1
85,False,"{'a': 0.5, 'e': 0.42559012338865465}",35,0,-43.97989480603947,"{0: 30, 1: 0, 2: 3, 3: 1, 4: 1}",0
86,False,"{'a': 0.5, 'e': 0.4213342221547681}",25,0,-30.64280148296637,"{0: 21, 1: 2, 2: 1, 3: 0, 4: 1}",0
87,False,"{'a': 0.5, 'e': 0.41712087993322045}",30,7,-49.19698178623656,"{0: 17, 1: 1, 2: 3, 3: 2, 4: 0}",1
88,False,"{'a': 0.5, 'e': 0.41294967113388825}",20,1,-16.323905214949,"{0: 18, 1: 0, 2: 0, 3: 0, 4: 1}",1
89,False,"{'a': 0.5, 'e': 0.40882017442254937}",25,14,-1.093218596596123,"{0: 10, 1: 0, 2: 0, 3: 1, 4: 0}",1
90,False,"{'a': 0.5, 'e': 0.4047319726783239}",20,8,-37.12627941563217,"{0: 7, 1: 2, 2: 2, 3: 1, 4: 0}",1
91,False,"{'a': 0.5, 'e': 0.40068465295154065}",20,8,-22.63757064150507,"{0: 9, 1: 1, 2: 1, 3: 1, 4: 0}",1
92,False,"{'a': 0.5, 'e': 0.39667780642202527}",20,8,16.943783898868197,"{0: 11, 1: 1, 2: 0, 3: 0, 4: 0}",1
93,False,"{'a': 0.5, 'e': 0.392711028357805}",20,0,-65.33880963388252,"{0: 14, 1: 3, 2: 1, 3: 1, 4: 1}",0
94,False,"{'a': 0.5, 'e': 0.38878391807422696}",25,9,5.915124856810047,"{0: 14, 1: 0, 2: 2, 3: 0, 4: 0}",1
95,False,"{'a': 0.5, 'e': 0.3848960788934847}",20,0,-127.57972535592617,"{0: 14, 1: 2, 2: 0, 3: 1, 4: 3}",0
96,False,"{'a': 0.5, 'e': 0.38104711810454983}",20,7,-34.92155725340125,"{0: 9, 1: 0, 2: 3, 3: 1, 4: 0}",1
97,False,"{'a': 0.5, 'e': 0.37723664692350434}",30,0,-56.57891065176248,"{0: 26, 1: 2, 2: 0, 3: 0, 4: 2}",0
98,False,"{'a': 0.5, 'e': 0.37346428045426927}",25,1,21.762609456662954,"{0: 23, 1: 0, 2: 1, 3: 0, 4: 0}",1
99,False,"{'a': 0.5, 'e': 0.36972963764972655}",20,10,9.38093636204174,"{0: 9, 1: 1, 2: 0, 3: 0, 4: 0}",1
100,False,"{'a': 0.5, 'e': 0.36603234127322926}",20,14,-8.571245656249038,"{0: 4, 1: 1, 2: 1, 3: 0, 4: 0}",1
101,False,"{'a': 0.5, 'e': 0.36237201786049694}",30,7,15.6253770890811,"{0: 21, 1: 0, 2: 2, 3: 0, 4: 0}",1
102,False,"{'a': 0.5, 'e': 0.358748297681892}",20,15,1.5211831826983229,"{0: 4, 1: 1, 2: 0, 3: 0, 4: 0}",1
103,False,"{'a': 0.5, 'e': 0.35516081470507305}",20,14,10.40319649732517,"{0: 6, 1: 0, 2: 0, 3: 0, 4: 0}",1
104,False,"{'a': 0.5, 'e': 0.3516092065580223}",20,6,-12.009068629728521,"{0: 11, 1: 0, 2: 3, 3: 0, 4: 0}",1
105,False,"{'a': 0.5, 'e': 0.34809311449244207}",30,12,12.035414623285103,"{0: 16, 1: 1, 2: 1, 3: 0, 4: 0}",1
106,False,"{'a': 0.5, 'e': 0.34461218334751764}",25,14,5.430025930273106,"{0: 10, 1: 0, 2: 1, 3: 0, 4: 0}",1
107,False,"{'a': 0.5, 'e': 0.34116606151404244}",25,15,-8.291081569384811,"{0: 8, 1: 0, 2: 2, 3: 0, 4: 0}",1
108,False,"{'a': 0.5, 'e': 0.337754400898902}",20,16,6.709653448536712,"{0: 4, 1: 0, 2: 0, 3: 0, 4: 0}",1
109,False,"{'a': 0.5, 'e': 0.334376856889913}",20,0,-65.68982191425954,"{0: 14, 1: 1, 2: 4, 3: 0, 4: 1}",0
110,False,"{'a': 0.5, 'e': 0.33103308832101386}",30,0,-10.39310072143348,"{0: 25, 1: 0, 2: 5, 3: 0, 4: 0}",0
111,False,"{'a': 0.5, 'e': 0.3277227574378037}",20,0,0.4389542927208172,"{0: 17, 1: 1, 2: 2, 3: 0, 4: 0}",0
112,False,"{'a': 0.5, 'e': 0.3244455298634257}",20,0,14.464353079071675,"{0: 18, 1: 1, 2: 1, 3: 0, 4: 0}",1
113,False,"{'a': 0.5, 'e': 0.3212010745647914}",20,5,-87.2907579392685,"{0: 11, 1: 0, 2: 2, 3: 0, 4: 2}",1
114,False,"{'a': 0.5, 'e': 0.3179890638191435}",20,0,32.892411542145496,"{0: 20, 1: 0, 2: 0, 3: 0, 4: 0}",0
115,False,"{'a': 0.5, 'e': 0.31480917318095203}",20,2,-28.856820597134252,"{0: 13, 1: 1, 2: 4, 3: 0, 4: 0}",1
116,False,"{'a': 0.5, 'e': 0.3116610814491425}",25,17,4.057024375973164,"{0: 7, 1: 1, 2: 0, 3: 0, 4: 0}",1
117,False,"{'a': 0.5, 'e': 0.30854447063465107}",20,14,11.883194910288902,"{0: 6, 1: 0, 2: 0, 3: 0, 4: 0}",1
118,False,"{'a': 0.5, 'e': 0.30545902592830454}",30,0,-108.03469757835126,"{0: 24, 1: 1, 2: 2, 3: 0, 4: 3}",0
119,False,"{'a': 0.5, 'e': 0.3024044356690215}",25,0,-40.180813514084825,"{0: 21, 1: 0, 2: 3, 3: 0, 4: 1}",0
120,False,"{'a': 0.5, 'e': 0.29938039131233124}",30,0,7.5346262914809925,"{0: 27, 1: 1, 2: 1, 3: 1, 4: 0}",0
121,False,"{'a': 0.5, 'e': 0.2963865873992079}",20,12,-27.027872408834856,"{0: 7, 1: 0, 2: 0, 3: 0, 4: 1}",1
122,False,"{'a': 0.5, 'e': 0.29342272152521587}",30,4,-62.75269358875816,"{0: 20, 1: 1, 2: 2, 3: 3, 4: 0}",1
123,False,"{'a': 0.5, 'e': 0.2904884943099637}",25,0,-105.66843451450528,"{0: 18, 1: 0, 2: 5, 3: 0, 4: 2}",0
124,False,"{'a': 0.5, 'e': 0.28758360936686406}",30,16,23.835891075350474,"{0: 14, 1: 0, 2: 0, 3: 0, 4: 0}",1
125,False,"{'a': 0.5, 'e': 0.2847077732731954}",30,12,30.61359749601284,"{0: 18, 1: 0, 2: 0, 3: 0, 4: 0}",1
126,False,"{'a': 0.5, 'e': 0.28186069554046345}",20,0,6.706809771624755,"{0: 19, 1: 0, 2: 0, 3: 1, 4: 0}",0
127,False,"{'a': 0.5, 'e': 0.2790420885850588}",30,0,15.984184553623537,"{0: 29, 1: 0, 2: 0, 3: 1, 4: 0}",0
128,False,"{'a': 0.5, 'e': 0.2762516676992082}",30,2,7.835834393954454,"{0: 26, 1: 0, 2: 1, 3: 1, 4: 0}",1
129,False,"{'a': 0.5, 'e': 0.27348915102221616}",20,4,-36.35308925409955,"{0: 11, 1: 2, 2: 2, 3: 1, 4: 0}",1
130,False,"{'a': 0.5, 'e': 0.270754259511994}",20,0,33.24325646627786,"{0: 20, 1: 0, 2: 0, 3: 0, 4: 0}",0
131,False,"{'a': 0.5, 'e': 0.26804671691687404}",30,7,-30.070338597967293,"{0: 19, 1: 1, 2: 2, 3: 0, 4: 1}",1
132,False,"{'a': 0.5, 'e': 0.2653662497477053}",35,3,11.081950612827319,"{0: 29, 1: 0, 2: 3, 3: 0, 4: 0}",1
133,False,"{'a': 0.5, 'e': 0.2627125872502282}",20,9,-14.312317778444356,"{0: 9, 1: 0, 2: 1, 3: 1, 4: 0}",1
134,False,"{'a': 0.5, 'e': 0.2600854613777259}",20,14,12.288845475261509,"{0: 6, 1: 0, 2: 0, 3: 0, 4: 0}",1
135,False,"{'a': 0.5, 'e': 0.2574846067639487}",25,11,-7.293291258534625,"{0: 11, 1: 0, 2: 3, 3: 0, 4: 0}",1
136,False,"{'a': 0.5, 'e': 0.2549097606963092}",25,14,-18.052096311232194,"{0: 8, 1: 0, 2: 3, 3: 0, 4: 0}",1
137,False,"{'a': 0.5, 'e': 0.2523606630893461}",20,12,14.430349758922898,"{0: 8, 1: 0, 2: 0, 3: 0, 4: 0}",1
138,False,"{'a': 0.5, 'e': 0.24983705645845267}",35,3,9.92866750893547,"{0: 28, 1: 1, 2: 3, 3: 0, 4: 0}",1
139,False,"{'a': 0.5, 'e': 0.24733868589386815}",30,6,-46.571761974285096,"{0: 20, 1: 0, 2: 2, 3: 1, 4: 1}",1
140,False,"{'a': 0.5, 'e': 0.24486529903492946}",25,13,2.0882433019806967,"{0: 10, 1: 0, 2: 2, 3: 0, 4: 0}",1
141,False,"{'a': 0.5, 'e': 0.24241664604458016}",25,3,-63.838012643180065,"{0: 19, 1: 0, 2: 1, 3: 0, 4: 2}",1
142,False,"{'a': 0.5, 'e': 0.23999247958413436}",20,16,7.942399805115462,"{0: 4, 1: 0, 2: 0, 3: 0, 4: 0}",1
143,False,"{'a': 0.5, 'e': 0.23759255478829303}",30,7,25.86175657320485,"{0: 22, 1: 0, 2: 1, 3: 0, 4: 0}",1
144,False,"{'a': 0.5, 'e': 0.2352166292404101}",25,8,-18.644534654182117,"{0: 15, 1: 1, 2: 0, 3: 0, 4: 1}",1
145,False,"{'a': 0.5, 'e': 0.232864462948006}",30,18,7.348242658259276,"{0: 11, 1: 0, 2: 1, 3: 0, 4: 0}",1
146,False,"{'a': 0.5, 'e': 0.23053581831852593}",25,13,-0.8577512635701343,"{0: 10, 1: 1, 2: 1, 3: 0, 4: 0}",1
147,False,"{'a': 0.5, 'e': 0.22823046013534068}",25,6,-14.189679974353918,"{0: 15, 1: 0, 2: 4, 3: 0, 4: 0}",1
148,False,"{'a': 0.5, 'e': 0.22594815553398728}",25,10,-19.01578817907249,"{0: 11, 1: 0, 2: 4, 3: 0, 4: 0}",1
149,False,"{'a': 0.5, 'e': 0.22368867397864742}",25,0,-25.317549853144467,"{0: 21, 1: 2, 2: 1, 3: 0, 4: 1}",0
150,False,"{'a': 0.5, 'e': 0.22145178723886094}",20,8,10.056788344475391,"{0: 11, 1: 0, 2: 1, 3: 0, 4: 0}",1
151,False,"{'a': 0.5, 'e': 0.21923726936647234}",20,1,-22.481535120106667,"{0: 17, 1: 0, 2: 1, 3: 0, 4: 1}",1
152,False,"{'a': 0.5, 'e': 0.2170448966728076}",20,3,17.42103373992797,"{0: 16, 1: 0, 2: 1, 3: 0, 4: 0}",1
153,False,"{'a': 0.5, 'e': 0.21487444770607952}",20,6,-6.261006858542966,"{0: 12, 1: 0, 2: 1, 3: 1, 4: 0}",1
154,False,"{'a': 0.5, 'e': 0.21272570322901874}",20,0,-54.68352906529482,"{0: 17, 1: 1, 2: 0, 3: 0, 4: 2}",0
155,False,"{'a': 0.5, 'e': 0.21059844619672854}",30,19,-0.4056692377087221,"{0: 9, 1: 1, 2: 1, 3: 0, 4: 0}",1
156,False,"{'a': 0.5, 'e': 0.20849246173476127}",20,6,-37.67818256376693,"{0: 11, 1: 1, 2: 1, 3: 0, 4: 1}",1
157,False,"{'a': 0.5, 'e': 0.20640753711741366}",25,5,-11.528704781646217,"{0: 19, 1: 0, 2: 0, 3: 0, 4: 1}",1
158,False,"{'a': 0.5, 'e': 0.20434346174623952}",25,15,17.39797120064667,"{0: 10, 1: 0, 2: 0, 3: 0, 4: 0}",1
159,False,"{'a': 0.5, 'e': 0.20230002712877712}",20,13,1.266509030529301,"{0: 6, 1: 0, 2: 1, 3: 0, 4: 0}",1
160,False,"{'a': 0.5, 'e': 0.20027702685748935}",25,3,22.19915515559786,"{0: 21, 1: 0, 2: 1, 3: 0, 4: 0}",1
161,False,"{'a': 0.5, 'e': 0.19827425658891445}",20,0,-17.218931931102283,"{0: 18, 1: 1, 2: 0, 3: 0, 4: 1}",0
162,False,"{'a': 0.5, 'e': 0.1962915140230253}",20,15,11.40390375449396,"{0: 5, 1: 0, 2: 0, 3: 0, 4: 0}",1
163,False,"{'a': 0.5, 'e': 0.19432859888279505}",20,16,6.329361631924765,"{0: 4, 1: 0, 2: 0, 3: 0, 4: 0}",1
164,False,"{'a': 0.5, 'e': 0.1923853128939671}",25,10,-25.596259765514013,"{0: 12, 1: 0, 2: 1, 3: 2, 4: 0}",1
165,False,"{'a': 0.5, 'e': 0.19046145976502743}",25,0,3.7512178095580495,"{0: 22, 1: 1, 2: 2, 3: 0, 4: 0}",0
166,False,"{'a': 0.5, 'e': 0.18855684516737714}",35,17,24.575865492525807,"{0: 17, 1: 0, 2: 1, 3: 0, 4: 0}",1
167,False,"{'a': 0.5, 'e': 0.18667127671570335}",25,17,13.505612764411715,"{0: 8, 1: 0, 2: 0, 3: 0, 4: 0}",1
168,False,"{'a': 0.5, 'e': 0.18480456394854633}",20,6,22.338576569687124,"{0: 14, 1: 0, 2: 0, 3: 0, 4: 0}",1
169,False,"{'a': 0.5, 'e': 0.18295651830906087}",25,17,-27.466484749120443,"{0: 7, 1: 0, 2: 0, 3: 0, 4: 1}",1
170,False,"{'a': 0.5, 'e': 0.18112695312597027}",20,10,13.330021159661905,"{0: 10, 1: 0, 2: 0, 3: 0, 4: 0}",1
171,False,"{'a': 0.5, 'e': 0.17931568359471056}",20,6,-28.836885540965767,"{0: 12, 1: 0, 2: 1, 3: 0, 4: 1}",1
172,False,"{'a': 0.5, 'e': 0.17752252675876345}",25,0,-60.10080126939945,"{0: 20, 1: 2, 2: 1, 3: 0, 4: 2}",0
173,False,"{'a': 0.5, 'e': 0.17574730149117582}",25,17,14.45564974262923,"{0: 8, 1: 0, 2: 0, 3: 0, 4: 0}",1
174,False,"{'a': 0.5, 'e': 0.17398982847626407}",25,15,7.6663350730997335,"{0: 9, 1: 0, 2: 1, 3: 0, 4: 0}",1
175,False,"{'a': 0.5, 'e': 0.17224993019150142}",20,13,-2.0318024947038307,"{0: 6, 1: 0, 2: 1, 3: 0, 4: 0}",1
176,False,"{'a': 0.5, 'e': 0.1705274308895864}",25,6,5.402113161671139,"{0: 17, 1: 0, 2: 2, 3: 0, 4: 0}",1
177,False,"{'a': 0.5, 'e': 0.16882215658069055}",30,0,-47.859291401423086,"{0: 26, 1: 0, 2: 1, 3: 2, 4: 1}",0
178,False,"{'a': 0.5, 'e': 0.16713393501488363}",20,3,2.2902030899887067,"{0: 14, 1: 2, 2: 1, 3: 0, 4: 0}",1
179,False,"{'a': 0.5, 'e': 0.16546259566473479}",20,4,10.568268693444459,"{0: 14, 1: 1, 2: 1, 3: 0, 4: 0}",1
180,False,"{'a': 0.5, 'e': 0.16380796970808745}",20,11,0.49875395146199075,"{0: 7, 1: 2, 2: 0, 3: 0, 4: 0}",1
181,False,"{'a': 0.5, 'e': 0.16216989001100657}",30,0,26.677047263387006,"{0: 28, 1: 1, 2: 1, 3: 0, 4: 0}",0
182,False,"{'a': 0.5, 'e': 0.1605481911108965}",30,7,-13.239870343481748,"{0: 21, 1: 1, 2: 0, 3: 0, 4: 1}",1
183,False,"{'a': 0.5, 'e': 0.15894270919978754}",25,8,14.540915837105247,"{0: 16, 1: 0, 2: 1, 3: 0, 4: 0}",1
184,False,"{'a': 0.5, 'e': 0.15735328210778965}",30,6,33.769630358811725,"{0: 24, 1: 0, 2: 0, 3: 0, 4: 0}",1
185,False,"{'a': 0.5, 'e': 0.15577974928671176}",20,14,10.123549761824602,"{0: 6, 1: 0, 2: 0, 3: 0, 4: 0}",1
186,False,"{'a': 0.5, 'e': 0.15422195179384465}",25,15,18.36572944296098,"{0: 10, 1: 0, 2: 0, 3: 0, 4: 0}",1
187,False,"{'a': 0.5, 'e': 0.1526797322759062}",25,11,-49.69436076738433,"{0: 11, 1: 0, 2: 1, 3: 1, 4: 1}",1
188,False,"{'a': 0.5, 'e': 0.15115293495314713}",20,6,10.437278560711745,"{0: 13, 1: 0, 2: 1, 3: 0, 4: 0}",1
189,False,"{'a': 0.5, 'e': 0.14964140560361566}",25,1,16.069052639908357,"{0: 23, 1: 0, 2: 0, 3: 1, 4: 0}",1
190,False,"{'a': 0.5, 'e': 0.1481449915475795}",20,12,-25.739845310328985,"{0: 7, 1: 0, 2: 0, 3: 0, 4: 1}",1
191,False,"{'a': 0.5, 'e': 0.1466635416321037}",25,11,22.915176925337345,"{0: 14, 1: 0, 2: 0, 3: 0, 4: 0}",1
192,False,"{'a': 0.5, 'e': 0.14519690621578268}",20,11,2.4747431412434144,"{0: 7, 1: 2, 2: 0, 3: 0, 4: 0}",1
193,False,"{'a': 0.5, 'e': 0.14374493715362485}",20,0,22.35529266527751,"{0: 19, 1: 0, 2: 1, 3: 0, 4: 0}",0
194,False,"{'a': 0.5, 'e': 0.1423074877820886}",30,20,16.59504347546261,"{0: 10, 1: 0, 2: 0, 3: 0, 4: 0}",1
195,False,"{'a': 0.5, 'e': 0.1408844129042677}",25,10,26.09536648626084,"{0: 15, 1: 0, 2: 0, 3: 0, 4: 0}",1
196,False,"{'a': 0.5, 'e': 0.13947556877522502}",20,3,16.172334533611497,"{0: 16, 1: 0, 2: 1, 3: 0, 4: 0}",1
197,False,"{'a': 0.5, 'e': 0.13808081308747278}",25,11,14.655423753333991,"{0: 13, 1: 0, 2: 1, 3: 0, 4: 0}",1
198,False,"{'a': 0.5, 'e': 0.13670000495659804}",35,20,5.5135880454084525,"{0: 14, 1: 0, 2: 0, 3: 1, 4: 0}",1
199,False,"{'a': 0.5, 'e': 0.13533300490703207}",20,13,5.364319042630686,"{0: 6, 1: 1, 2: 0, 3: 0, 4: 0}",1
200,False,"{'a': 0.5, 'e': 0.13397967485796175}",30,18,20.767423604194953,"{0: 12, 1: 0, 2: 0, 3: 0, 4: 0}",1
201,False,"{'a': 0.5, 'e': 0.13263987810938213}",25,0,6.020683674466818,"{0: 23, 1: 0, 2: 1, 3: 1, 4: 0}",0
202,False,"{'a': 0.5, 'e': 0.1313134793282883}",20,5,27.371607458250782,"{0: 15, 1: 0, 2: 0, 3: 0, 4: 0}",1
203,False,"{'a': 0.5, 'e': 0.13000034453500542}",20,0,-10.046608228228779,"{0: 19, 1: 0, 2: 0, 3: 0, 4: 1}",0
204,False,"{'a': 0.5, 'e': 0.12870034108965536}",30,6,-63.96587013903237,"{0: 21, 1: 0, 2: 0, 3: 1, 4: 2}",1
205,False,"{'a': 0.5, 'e': 0.12741333767875881}",25,5,30.954400829851547,"{0: 19, 1: 1, 2: 0, 3: 0, 4: 0}",1
206,False,"{'a': 0.5, 'e': 0.12613920430197123}",20,8,16.116277332093674,"{0: 11, 1: 1, 2: 0, 3: 0, 4: 0}",1
207,False,"{'a': 0.5, 'e': 0.12487781225895152}",25,18,15.80406884646486,"{0: 7, 1: 0, 2: 0, 3: 0, 4: 0}",1
208,False,"{'a': 0.5, 'e': 0.123629034136362}",20,9,22.559357725894756,"{0: 11, 1: 0, 2: 0, 3: 0, 4: 0}",1
209,False,"{'a': 0.5, 'e': 0.12239274379499838}",20,16,8.745264214985855,"{0: 4, 1: 0, 2: 0, 3: 0, 4: 0}",1
210,False,"{'a': 0.5, 'e': 0.1211688163570484}",30,10,-19.498432538339447,"{0: 18, 1: 0, 2: 1, 3: 0, 4: 1}",1
211,False,"{'a': 0.5, 'e': 0.11995712819347792}",20,4,30.3829192133968,"{0: 16, 1: 0, 2: 0, 3: 0, 4: 0}",1
212,False,"{'a': 0.5, 'e': 0.11875755691154315}",25,17,16.271503043944318,"{0: 8, 1: 0, 2: 0, 3: 0, 4: 0}",1
213,False,"{'a': 0.5, 'e': 0.11756998134242772}",20,8,20.474639380035242,"{0: 12, 1: 0, 2: 0, 3: 0, 4: 0}",1
214,False,"{'a': 0.5, 'e': 0.11639428152900344}",30,22,15.749177767460656,"{0: 8, 1: 0, 2: 0, 3: 0, 4: 0}",1
215,False,"{'a': 0.5, 'e': 0.11523033871371341}",25,3,-11.406474989248093,"{0: 17, 1: 2, 2: 3, 3: 0, 4: 0}",1
216,False,"{'a': 0.5, 'e': 0.11407803532657627}",20,8,21.141345724938304,"{0: 12, 1: 0, 2: 0, 3: 0, 4: 0}",1
217,False,"{'a': 0.5, 'e': 0.11293725497331052}",20,15,9.898396277703567,"{0: 5, 1: 0, 2: 0, 3: 0, 4: 0}",1
218,False,"{'a': 0.5, 'e': 0.1118078824235774}",20,10,10.508000271126482,"{0: 9, 1: 0, 2: 1, 3: 0, 4: 0}",1
219,False,"{'a': 0.5, 'e': 0.11068980359934164}",20,9,20.212584886377787,"{0: 11, 1: 0, 2: 0, 3: 0, 4: 0}",1
220,False,"{'a': 0.5, 'e': 0.10958290556334822}",20,15,6.730289011584416,"{0: 5, 1: 0, 2: 0, 3: 0, 4: 0}",1
221,False,"{'a': 0.5, 'e': 0.10848707650771475}",25,3,13.788502140990078,"{0: 21, 1: 0, 2: 0, 3: 1, 4: 0}",1
222,False,"{'a': 0.5, 'e': 0.1074022057426376}",20,12,16.13579584989137,"{0: 8, 1: 0, 2: 0, 3: 0, 4: 0}",1
223,False,"{'a': 0.5, 'e': 0.10632818368521123}",25,18,6.649052621562344,"{0: 6, 1: 1, 2: 0, 3: 0, 4: 0}",1
224,False,"{'a': 0.5, 'e': 0.10526490184835911}",30,20,19.513093370134076,"{0: 10, 1: 0, 2: 0, 3: 0, 4: 0}",1
225,False,"{'a': 0.5, 'e': 0.10421225282987552}",25,16,5.605643911595333,"{0: 8, 1: 0, 2: 1, 3: 0, 4: 0}",1
226,False,"{'a': 0.5, 'e': 0.10317013030157676}",20,10,17.429705142973877,"{0: 10, 1: 0, 2: 0, 3: 0, 4: 0}",1
227,False,"{'a': 0.5, 'e': 0.10213842899856099}",25,14,-32.214854208178245,"{0: 9, 1: 0, 2: 1, 3: 0, 4: 1}",1
228,False,"{'a': 0.5, 'e': 0.10111704470857538}",25,14,20.254532556982163,"{0: 11, 1: 0, 2: 0, 3: 0, 4: 0}",1
229,False,"{'a': 0.5, 'e': 0.10010587426148963}",25,11,12.183395598410515,"{0: 13, 1: 0, 2: 1, 3: 0, 4: 0}",1
230,False,"{'a': 0.5, 'e': 0.09910481551887473}",20,16,6.767490951257772,"{0: 4, 1: 0, 2: 0, 3: 0, 4: 0}",1
231,False,"{'a': 0.5, 'e': 0.09811376736368599}",25,2,27.541957382596024,"{0: 22, 1: 0, 2: 1, 3: 0, 4: 0}",1
232,False,"{'a': 0.5, 'e': 0.09713262969004913}",20,8,20.598713885306022,"{0: 12, 1: 0, 2: 0, 3: 0, 4: 0}",1
233,False,"{'a': 0.5, 'e': 0.09616130339314863}",20,10,7.411449416799309,"{0: 9, 1: 0, 2: 1, 3: 0, 4: 0}",1
234,False,"{'a': 0.5, 'e': 0.09519969035921715}",25,0,37.05612524865362,"{0: 25, 1: 0, 2: 0, 3: 0, 4: 0}",0
235,False,"{'a': 0.5, 'e': 0.09424769345562498}",20,15,8.456260296416788,"{0: 5, 1: 0, 2: 0, 3: 0, 4: 0}",1
236,False,"{'a': 0.5, 'e': 0.09330521652106873}",25,10,-6.729311180029347,"{0: 13, 1: 0, 2: 1, 3: 1, 4: 0}",1
237,False,"{'a': 0.5, 'e': 0.09237216435585804}",25,9,28.552828729764673,"{0: 16, 1: 0, 2: 0, 3: 0, 4: 0}",1
238,False,"{'a': 0.5, 'e': 0.09144844271229946}",30,12,10.210378634641883,"{0: 16, 1: 0, 2: 2, 3: 0, 4: 0}",1
239,False,"{'a': 0.5, 'e': 0.09053395828517646}",25,12,18.640512983599276,"{0: 12, 1: 1, 2: 0, 3: 0, 4: 0}",1
240,False,"{'a': 0.5, 'e': 0.08962861870232469}",20,14,8.367870979424584,"{0: 6, 1: 0, 2: 0, 3: 0, 4: 0}",1
241,False,"{'a': 0.5, 'e': 0.08873233251530144}",20,14,10.859777038052034,"{0: 6, 1: 0, 2: 0, 3: 0, 4: 0}",1
242,False,"{'a': 0.5, 'e': 0.08784500919014843}",25,19,12.438879363699979,"{0: 6, 1: 0, 2: 0, 3: 0, 4: 0}",1
243,False,"{'a': 0.5, 'e': 0.08696655909824694}",25,8,33.48358835889858,"{0: 17, 1: 0, 2: 0, 3: 0, 4: 0}",1
244,False,"{'a': 0.5, 'e': 0.08609689350726446}",25,0,-2.489843147767793,"{0: 24, 1: 0, 2: 0, 3: 0, 4: 1}",0
245,False,"{'a': 0.5, 'e': 0.08523592457219181}",25,11,1.620933881988404,"{0: 12, 1: 0, 2: 2, 3: 0, 4: 0}",1
246,False,"{'a': 0.5, 'e': 0.0843835653264699}",20,15,-12.59149921900727,"{0: 4, 1: 0, 2: 0, 3: 1, 4: 0}",1
247,False,"{'a': 0.5, 'e': 0.0835397296732052}",25,13,24.902467801587154,"{0: 12, 1: 0, 2: 0, 3: 0, 4: 0}",1
248,False,"{'a': 0.5, 'e': 0.08270433237647315}",20,16,8.43639361245599,"{0: 4, 1: 0, 2: 0, 3: 0, 4: 0}",1
249,False,"{'a': 0.5, 'e': 0.08187728905270841}",25,3,-0.4087792506727952,"{0: 20, 1: 0, 2: 1, 3: 1, 4: 0}",1
250,False,"{'a': 0.5, 'e': 0.08105851616218133}",20,8,-21.55784059146829,"{0: 11, 1: 0, 2: 0, 3: 0, 4: 1}",1
251,False,"{'a': 0.5, 'e': 0.08024793100055952}",25,3,11.273513292360681,"{0: 21, 1: 0, 2: 0, 3: 1, 4: 0}",1
252,False,"{'a': 0.5, 'e': 0.07944545169055392}",35,18,29.8220519597338,"{0: 17, 1: 0, 2: 0, 3: 0, 4: 0}",1
253,False,"{'a': 0.5, 'e': 0.07865099717364837}",30,12,36.87093260598811,"{0: 18, 1: 0, 2: 0, 3: 0, 4: 0}",1
254,False,"{'a': 0.5, 'e': 0.07786448720191189}",25,7,-35.770103974015086,"{0: 16, 1: 0, 2: 0, 3: 1, 4: 1}",1
255,False,"{'a': 0.5, 'e': 0.07708584232989277}",30,12,30.509803572053073,"{0: 18, 1: 0, 2: 0, 3: 0, 4: 0}",1
256,False,"{'a': 0.5, 'e': 0.07631498390659384}",30,21,17.54040024770339,"{0: 9, 1: 0, 2: 0, 3: 0, 4: 0}",1
257,False,"{'a': 0.5, 'e': 0.07555183406752791}",25,13,24.575011853938264,"{0: 12, 1: 0, 2: 0, 3: 0, 4: 0}",1
258,False,"{'a': 0.5, 'e': 0.07479631572685264}",25,10,-2.524067697206514,"{0: 13, 1: 1, 2: 0, 3: 1, 4: 0}",1
259,False,"{'a': 0.5, 'e': 0.07404835256958411}",25,8,29.571589100679937,"{0: 17, 1: 0, 2: 0, 3: 0, 4: 0}",1
260,False,"{'a': 0.5, 'e': 0.07330786904388827}",30,17,22.802874206283,"{0: 13, 1: 0, 2: 0, 3: 0, 4: 0}",1
261,False,"{'a': 0.5, 'e': 0.07257479035344938}",25,18,13.48761359906472,"{0: 7, 1: 0, 2: 0, 3: 0, 4: 0}",1
262,False,"{'a': 0.5, 'e': 0.07184904244991488}",25,5,-41.260152400820395,"{0: 17, 1: 1, 2: 0, 3: 1, 4: 1}",1
263,False,"{'a': 0.5, 'e': 0.07113055202541574}",20,10,1.2001605578346348,"{0: 8, 1: 1, 2: 1, 3: 0, 4: 0}",1
264,False,"{'a': 0.5, 'e': 0.07041924650516158}",20,10,22.159730433060748,"{0: 10, 1: 0, 2: 0, 3: 0, 4: 0}",1
265,False,"{'a': 0.5, 'e': 0.06971505404010997}",25,8,9.493181357779548,"{0: 16, 1: 0, 2: 0, 3: 1, 4: 0}",1
266,False,"{'a': 0.5, 'e': 0.06901790349970886}",25,10,13.074914326638922,"{0: 14, 1: 0, 2: 1, 3: 0, 4: 0}",1
267,False,"{'a': 0.5, 'e': 0.06832772446471178}",25,14,23.32698673987241,"{0: 11, 1: 0, 2: 0, 3: 0, 4: 0}",1
268,False,"{'a': 0.5, 'e': 0.06764444722006466}",20,10,-13.369807172503544,"{0: 8, 1: 0, 2: 1, 3: 1, 4: 0}",1
269,False,"{'a': 0.5, 'e': 0.066968002747864}",20,11,-24.26037566323362,"{0: 8, 1: 0, 2: 0, 3: 0, 4: 1}",1
270,False,"{'a': 0.5, 'e': 0.06629832272038537}",20,8,26.46490144963517,"{0: 12, 1: 0, 2: 0, 3: 0, 4: 0}",1
271,False,"{'a': 0.5, 'e': 0.06563533949318151}",20,11,8.761123717306985,"{0: 8, 1: 1, 2: 0, 3: 0, 4: 0}",1
272,False,"{'a': 0.5, 'e': 0.06497898609824969}",25,11,-0.25371945001366947,"{0: 13, 1: 0, 2: 0, 3: 1, 4: 0}",1
273,False,"{'a': 0.5, 'e': 0.0643291962372672}",20,8,10.868913525212166,"{0: 11, 1: 0, 2: 1, 3: 0, 4: 0}",1
274,False,"{'a': 0.5, 'e': 0.06368590427489453}",25,10,-17.217260703610076,"{0: 14, 1: 0, 2: 0, 3: 0, 4: 1}",1
275,False,"{'a': 0.5, 'e': 0.06304904523214558}",30,10,-2.073073704082169,"{0: 18, 1: 0, 2: 1, 3: 1, 4: 0}",1
276,False,"{'a': 0.5, 'e': 0.06241855477982412}",20,12,-5.6226120349638915,"{0: 7, 1: 0, 2: 0, 3: 1, 4: 0}",1
277,False,"{'a': 0.5, 'e': 0.06179436923202588}",20,2,4.858753671333428,"{0: 16, 1: 0, 2: 2, 3: 0, 4: 0}",1
278,False,"{'a': 0.5, 'e': 0.06117642553970562}",30,20,15.67490028941149,"{0: 10, 1: 0, 2: 0, 3: 0, 4: 0}",1
279,False,"{'a': 0.5, 'e': 0.06056466128430856}",20,14,13.788865356994405,"{0: 6, 1: 0, 2: 0, 3: 0, 4: 0}",1
280,False,"{'a': 0.5, 'e': 0.05995901467146548}",20,15,7.726620702361364,"{0: 5, 1: 0, 2: 0, 3: 0, 4: 0}",1
281,False,"{'a': 0.5, 'e': 0.05935942452475082}",20,12,15.194037356500376,"{0: 8, 1: 0, 2: 0, 3: 0, 4: 0}",1
282,False,"{'a': 0.5, 'e': 0.058765830279503314}",25,14,21.476703989421832,"{0: 11, 1: 0, 2: 0, 3: 0, 4: 0}",1
283,False,"{'a': 0.5, 'e': 0.05817817197670828}",20,12,14.287631813030629,"{0: 8, 1: 0, 2: 0, 3: 0, 4: 0}",1
284,False,"{'a': 0.5, 'e': 0.057596390256941195}",25,11,27.030120199218164,"{0: 14, 1: 0, 2: 0, 3: 0, 4: 0}",1
285,False,"{'a': 0.5, 'e': 0.05702042635437178}",20,14,10.548311239647852,"{0: 6, 1: 0, 2: 0, 3: 0, 4: 0}",1
286,False,"{'a': 0.5, 'e': 0.05645022209082806}",25,17,17.974870831703804,"{0: 8, 1: 0, 2: 0, 3: 0, 4: 0}",1
287,False,"{'a': 0.5, 'e': 0.05588571986991978}",20,0,29.906807845060545,"{0: 20, 1: 0, 2: 0, 3: 0, 4: 0}",0
288,False,"{'a': 0.5, 'e': 0.055326862671220584}",20,0,34.99500419334257,"{0: 20, 1: 0, 2: 0, 3: 0, 4: 0}",0
289,False,"{'a': 0.5, 'e': 0.05477359404450838}",20,2,31.131913322290558,"{0: 18, 1: 0, 2: 0, 3: 0, 4: 0}",1
290,False,"{'a': 0.5, 'e': 0.054225858104063294}",20,10,16.707124635108883,"{0: 10, 1: 0, 2: 0, 3: 0, 4: 0}",1
291,False,"{'a': 0.5, 'e': 0.05368359952302266}",25,16,13.913980061619931,"{0: 9, 1: 0, 2: 0, 3: 0, 4: 0}",1
292,False,"{'a': 0.5, 'e': 0.053146763527792434}",25,6,-22.74935026023077,"{0: 17, 1: 0, 2: 1, 3: 0, 4: 1}",1
293,False,"{'a': 0.5, 'e': 0.052615295892514506}",20,3,27.350993796566655,"{0: 17, 1: 0, 2: 0, 3: 0, 4: 0}",1
294,False,"{'a': 0.5, 'e': 0.052089142933589364}",20,12,-8.283579544393449,"{0: 7, 1: 0, 2: 0, 3: 1, 4: 0}",1
295,False,"{'a': 0.5, 'e': 0.05156825150425347}",25,9,27.706844921197003,"{0: 16, 1: 0, 2: 0, 3: 0, 4: 0}",1
296,False,"{'a': 0.5, 'e': 0.051052568989210935}",25,15,17.599179551711018,"{0: 10, 1: 0, 2: 0, 3: 0, 4: 0}",1
297,False,"{'a': 0.5, 'e': 0.05054204329931883}",30,11,-3.085862065520682,"{0: 18, 1: 0, 2: 0, 3: 0, 4: 1}",1
298,False,"{'a': 0.5, 'e': 0.05003662286632564}",30,12,19.74492179399997,"{0: 17, 1: 0, 2: 1, 3: 0, 4: 0}",1
299,False,"{'a': 0.5, 'e': 0.04953625663766238}",20,7,-44.025168417052015,"{0: 11, 1: 0, 2: 0, 3: 1, 4: 1}",1
300,False,"{'a': 0.5, 'e': 0.04904089407128576}",30,17,21.931206057885923,"{0: 13, 1: 0, 2: 0, 3: 0, 4: 0}",1
301,False,"{'a': 0.5, 'e': 0.0485504851305729}",20,10,-62.7987741924999,"{0: 8, 1: 0, 2: 0, 3: 0, 4: 2}",1
302,False,"{'a': 0.5, 'e': 0.048064980279267165}",25,13,22.06791804713864,"{0: 12, 1: 0, 2: 0, 3: 0, 4: 0}",1
303,False,"{'a': 0.5, 'e': 0.04758433047647449}",25,11,23.797014971411798,"{0: 14, 1: 0, 2: 0, 3: 0, 4: 0}",1
304,False,"{'a': 0.5, 'e': 0.04710848717170975}",25,6,31.843044234008858,"{0: 19, 1: 0, 2: 0, 3: 0, 4: 0}",1
305,False,"{'a': 0.5, 'e': 0.04663740229999265}",35,22,22.985733242595696,"{0: 13, 1: 0, 2: 0, 3: 0, 4: 0}",1
306,False,"{'a': 0.5, 'e': 0.04617102827699272}",20,11,14.753210268085036,"{0: 9, 1: 0, 2: 0, 3: 0, 4: 0}",1
307,False,"{'a': 0.5, 'e': 0.045709317994222794}",30,20,-0.27292996476897535,"{0: 9, 1: 0, 2: 0, 3: 1, 4: 0}",1
308,False,"{'a': 0.5, 'e': 0.04525222481428057}",20,14,12.324097184615276,"{0: 6, 1: 0, 2: 0, 3: 0, 4: 0}",1
309,False,"{'a': 0.5, 'e': 0.04479970256613776}",20,15,11.150728205536918,"{0: 5, 1: 0, 2: 0, 3: 0, 4: 0}",1
310,False,"{'a': 0.5, 'e': 0.04435170554047638}",20,6,15.073669706008733,"{0: 13, 1: 1, 2: 0, 3: 0, 4: 0}",1
311,False,"{'a': 0.5, 'e': 0.043908188485071616}",20,16,7.859201388839891,"{0: 4, 1: 0, 2: 0, 3: 0, 4: 0}",1
312,False,"{'a': 0.5, 'e': 0.0434691066002209}",20,10,17.646572697105213,"{0: 10, 1: 0, 2: 0, 3: 0, 4: 0}",1
313,False,"{'a': 0.5, 'e': 0.04303441553421869}",25,15,16.47308394487926,"{0: 10, 1: 0, 2: 0, 3: 0, 4: 0}",1
314,False,"{'a': 0.5, 'e': 0.0426040713788765}",20,14,12.000344396094837,"{0: 6, 1: 0, 2: 0, 3: 0, 4: 0}",1
315,False,"{'a': 0.5, 'e': 0.04217803066508773}",30,16,23.528505115513376,"{0: 14, 1: 0, 2: 0, 3: 0, 4: 0}",1
316,False,"{'a': 0.5, 'e': 0.04175625035843686}",20,12,5.256982906417652,"{0: 7, 1: 0, 2: 1, 3: 0, 4: 0}",1
317,False,"{'a': 0.5, 'e': 0.041338687854852486}",20,14,11.656044597759674,"{0: 6, 1: 0, 2: 0, 3: 0, 4: 0}",1
318,False,"{'a': 0.5, 'e': 0.04092530097630396}",20,6,26.77662192498685,"{0: 14, 1: 0, 2: 0, 3: 0, 4: 0}",1
319,False,"{'a': 0.5, 'e': 0.040516047966540916}",20,7,26.45774734548379,"{0: 13, 1: 0, 2: 0, 3: 0, 4: 0}",1
320,False,"{'a': 0.5, 'e': 0.04011088748687551}",30,9,40.789831771870645,"{0: 21, 1: 0, 2: 0, 3: 0, 4: 0}",1
321,False,"{'a': 0.5, 'e': 0.03970977861200675}",20,16,9.103102556983439,"{0: 4, 1: 0, 2: 0, 3: 0, 4: 0}",1
322,False,"{'a': 0.5, 'e': 0.03931268082588668}",25,20,8.06587603068737,"{0: 5, 1: 0, 2: 0, 3: 0, 4: 0}",1
323,False,"{'a': 0.5, 'e': 0.03891955401762781}",25,8,21.4568993010748,"{0: 16, 1: 0, 2: 1, 3: 0, 4: 0}",1
324,False,"{'a': 0.5, 'e': 0.03853035847745153}",30,16,28.285618770912166,"{0: 14, 1: 0, 2: 0, 3: 0, 4: 0}",1
325,False,"{'a': 0.5, 'e': 0.03814505489267701}",25,18,10.913339389699038,"{0: 7, 1: 0, 2: 0, 3: 0, 4: 0}",1
326,False,"{'a': 0.5, 'e': 0.03776360434375024}",25,9,27.406353468634574,"{0: 16, 1: 0, 2: 0, 3: 0, 4: 0}",1
327,False,"{'a': 0.5, 'e': 0.03738596830031274}",25,19,10.858569274891366,"{0: 6, 1: 0, 2: 0, 3: 0, 4: 0}",1
328,False,"{'a': 0.5, 'e': 0.03701210861730961}",25,8,-10.77627468914569,"{0: 14, 1: 1, 2: 1, 3: 1, 4: 0}",1
329,False,"{'a': 0.5, 'e': 0.03664198753113651}",25,0,43.555836313756146,"{0: 25, 1: 0, 2: 0, 3: 0, 4: 0}",0
330,False,"{'a': 0.5, 'e': 0.036275567655825146}",25,11,1.9440946216856891,"{0: 13, 1: 0, 2: 0, 3: 1, 4: 0}",1
331,False,"{'a': 0.5, 'e': 0.03591281197926689}",25,11,29.247433145334625,"{0: 14, 1: 0, 2: 0, 3: 0, 4: 0}",1
332,False,"{'a': 0.5, 'e': 0.035553683859474224}",25,7,7.639348183348188,"{0: 17, 1: 0, 2: 0, 3: 1, 4: 0}",1
333,False,"{'a': 0.5, 'e': 0.03519814702087948}",20,11,19.49636993405698,"{0: 9, 1: 0, 2: 0, 3: 0, 4: 0}",1
334,False,"{'a': 0.5, 'e': 0.03484616555067068}",20,11,18.197523553316923,"{0: 9, 1: 0, 2: 0, 3: 0, 4: 0}",1
335,False,"{'a': 0.5, 'e': 0.034497703895163975}",25,15,16.307558642679425,"{0: 10, 1: 0, 2: 0, 3: 0, 4: 0}",1
336,False,"{'a': 0.5, 'e': 0.03415272685621234}",20,12,18.633684336634985,"{0: 8, 1: 0, 2: 0, 3: 0, 4: 0}",1
337,False,"{'a': 0.5, 'e': 0.03381119958765021}",30,20,17.106545622557086,"{0: 10, 1: 0, 2: 0, 3: 0, 4: 0}",1
338,False,"{'a': 0.5, 'e': 0.03347308759177371}",25,0,39.78246280182778,"{0: 25, 1: 0, 2: 0, 3: 0, 4: 0}",0
339,False,"{'a': 0.5, 'e': 0.03313835671585597}",20,11,-66.96756787134724,"{0: 7, 1: 0, 2: 0, 3: 0, 4: 2}",1
340,False,"{'a': 0.5, 'e': 0.03280697314869741}",35,20,27.33310223394258,"{0: 15, 1: 0, 2: 0, 3: 0, 4: 0}",1
341,False,"{'a': 0.5, 'e': 0.032478903417210436}",20,16,7.031924883233211,"{0: 4, 1: 0, 2: 0, 3: 0, 4: 0}",1
342,False,"{'a': 0.5, 'e': 0.032154114383038335}",20,11,16.69753557768139,"{0: 9, 1: 0, 2: 0, 3: 0, 4: 0}",1
343,False,"{'a': 0.5, 'e': 0.03183257323920795}",20,2,-13.225032612782332,"{0: 17, 1: 0, 2: 0, 3: 0, 4: 1}",1
344,False,"{'a': 0.5, 'e': 0.03151424750681587}",25,10,17.520392289252072,"{0: 14, 1: 0, 2: 1, 3: 0, 4: 0}",1
345,False,"{'a': 0.5, 'e': 0.03119910503174771}",20,13,14.38044740773006,"{0: 7, 1: 0, 2: 0, 3: 0, 4: 0}",1
346,False,"{'a': 0.5, 'e': 0.030887113981430233}",20,6,-18.1094651435451,"{0: 13, 1: 0, 2: 0, 3: 0, 4: 1}",1
347,False,"{'a': 0.5, 'e': 0.03057824284161593}",20,10,18.36559604496058,"{0: 10, 1: 0, 2: 0, 3: 0, 4: 0}",1
348,False,"{'a': 0.5, 'e': 0.03027246041319977}",20,14,12.613454641677356,"{0: 6, 1: 0, 2: 0, 3: 0, 4: 0}",1
349,False,"{'a': 0.5, 'e': 0.029969735809067772}",20,13,16.408715997035056,"{0: 7, 1: 0, 2: 0, 3: 0, 4: 0}",1
350,False,"{'a': 0.5, 'e': 0.029670038450977095}",20,1,-23.619164221337456,"{0: 17, 1: 0, 2: 1, 3: 0, 4: 1}",1
351,False,"{'a': 0.5, 'e': 0.029373338066467324}",25,12,11.156776090722573,"{0: 12, 1: 0, 2: 1, 3: 0, 4: 0}",1
352,False,"{'a': 0.5, 'e': 0.02907960468580265}",20,0,28.65422979149065,"{0: 20, 1: 0, 2: 0, 3: 0, 4: 0}",0
353,False,"{'a': 0.5, 'e': 0.028788808638944622}",25,2,34.406015159468126,"{0: 23, 1: 0, 2: 0, 3: 0, 4: 0}",1
354,False,"{'a': 0.5, 'e': 0.028500920552555174}",20,10,17.713038990604456,"{0: 10, 1: 0, 2: 0, 3: 0, 4: 0}",1
355,False,"{'a': 0.5, 'e': 0.028215911347029624}",25,18,11.465736825383056,"{0: 7, 1: 0, 2: 0, 3: 0, 4: 0}",1
356,False,"{'a': 0.5, 'e': 0.027933752233559327}",20,11,0.8430786791507501,"{0: 7, 1: 2, 2: 0, 3: 0, 4: 0}",1
357,False,"{'a': 0.5, 'e': 0.027654414711223735}",20,13,12.97193616796299,"{0: 7, 1: 0, 2: 0, 3: 0, 4: 0}",1
358,False,"{'a': 0.5, 'e': 0.027377870564111496}",20,16,6.875031784877608,"{0: 4, 1: 0, 2: 0, 3: 0, 4: 0}",1
359,False,"{'a': 0.5, 'e': 0.027104091858470382}",20,16,10.89222771768052,"{0: 4, 1: 0, 2: 0, 3: 0, 4: 0}",1
360,False,"{'a': 0.5, 'e': 0.026833050939885677}",20,14,11.311636726621586,"{0: 6, 1: 0, 2: 0, 3: 0, 4: 0}",1
361,False,"{'a': 0.5, 'e': 0.02656472043048682}",20,0,33.11673268736463,"{0: 20, 1: 0, 2: 0, 3: 0, 4: 0}",0
362,False,"{'a': 0.5, 'e': 0.02629907322618195}",30,16,26.920857479135748,"{0: 14, 1: 0, 2: 0, 3: 0, 4: 0}",1
363,False,"{'a': 0.5, 'e': 0.026036082493920133}",20,9,22.536616611997008,"{0: 11, 1: 0, 2: 0, 3: 0, 4: 0}",1
364,False,"{'a': 0.5, 'e': 0.02577572166898093}",20,11,15.976274415342164,"{0: 9, 1: 0, 2: 0, 3: 0, 4: 0}",1
365,False,"{'a': 0.5, 'e': 0.025517964452291122}",25,19,12.943176729944138,"{0: 6, 1: 0, 2: 0, 3: 0, 4: 0}",1
366,False,"{'a': 0.5, 'e': 0.02526278480776821}",20,6,22.539635562749794,"{0: 14, 1: 0, 2: 0, 3: 0, 4: 0}",1
367,False,"{'a': 0.5, 'e': 0.025010156959690527}",30,16,5.3053187048663535,"{0: 13, 1: 0, 2: 0, 3: 1, 4: 0}",1
368,False,"{'a': 0.5, 'e': 0.02476005539009362}",20,13,13.592161310288994,"{0: 7, 1: 0, 2: 0, 3: 0, 4: 0}",1
369,False,"{'a': 0.5, 'e': 0.024512454836192684}",30,16,26.188520487917298,"{0: 14, 1: 0, 2: 0, 3: 0, 4: 0}",1
370,False,"{'a': 0.5, 'e': 0.024267330287830756}",30,16,23.73719022042907,"{0: 14, 1: 0, 2: 0, 3: 0, 4: 0}",1
371,False,"{'a': 0.5, 'e': 0.024024656984952448}",25,20,9.792638392758171,"{0: 5, 1: 0, 2: 0, 3: 0, 4: 0}",1
372,False,"{'a': 0.5, 'e': 0.023784410415102923}",20,13,11.406784898886041,"{0: 7, 1: 0, 2: 0, 3: 0, 4: 0}",1
373,False,"{'a': 0.5, 'e': 0.023546566310951894}",20,0,-13.375626621803622,"{0: 19, 1: 0, 2: 0, 3: 0, 4: 1}",1
374,False,"{'a': 0.5, 'e': 0.023311100647842375}",30,4,42.96244010661993,"{0: 26, 1: 0, 2: 0, 3: 0, 4: 0}",1
375,False,"{'a': 0.5, 'e': 0.02307798964136395}",20,16,6.55161918930505,"{0: 4, 1: 0, 2: 0, 3: 0, 4: 0}",1
376,False,"{'a': 0.5, 'e': 0.022847209744950314}",30,21,16.524825447108455,"{0: 9, 1: 0, 2: 0, 3: 0, 4: 0}",1
377,False,"{'a': 0.5, 'e': 0.02261873764750081}",20,3,-15.825266626274958,"{0: 16, 1: 0, 2: 0, 3: 0, 4: 1}",1
378,False,"{'a': 0.5, 'e': 0.022392550271025803}",20,14,-30.923519814054984,"{0: 5, 1: 0, 2: 0, 3: 0, 4: 1}",1
379,False,"{'a': 0.5, 'e': 0.022168624768315544}",20,11,18.022179123412055,"{0: 9, 1: 0, 2: 0, 3: 0, 4: 0}",1
380,False,"{'a': 0.5, 'e': 0.02194693852063239}",20,3,33.67985664605388,"{0: 17, 1: 0, 2: 0, 3: 0, 4: 0}",1
381,False,"{'a': 0.5, 'e': 0.021727469135426065}",30,13,24.60393366564165,"{0: 17, 1: 0, 2: 0, 3: 0, 4: 0}",1
382,False,"{'a': 0.5, 'e': 0.021510194444071803}",20,12,14.882317107076279,"{0: 8, 1: 0, 2: 0, 3: 0, 4: 0}",1
383,False,"{'a': 0.5, 'e': 0.021295092499631085}",25,11,31.40797031121768,"{0: 14, 1: 0, 2: 0, 3: 0, 4: 0}",1
384,False,"{'a': 0.5, 'e': 0.021082141574634772}",30,15,29.446449816025904,"{0: 15, 1: 0, 2: 0, 3: 0, 4: 0}",1
385,False,"{'a': 0.5, 'e': 0.020871320158888425}",25,17,15.068178754959748,"{0: 8, 1: 0, 2: 0, 3: 0, 4: 0}",1
386,False,"{'a': 0.5, 'e': 0.020662606957299542}",30,4,45.688246985268364,"{0: 26, 1: 0, 2: 0, 3: 0, 4: 0}",1
387,False,"{'a': 0.5, 'e': 0.020455980887726547}",20,15,-30.611256877713558,"{0: 4, 1: 0, 2: 0, 3: 0, 4: 1}",1
388,False,"{'a': 0.5, 'e': 0.02025142107884928}",20,16,8.12161874058892,"{0: 4, 1: 0, 2: 0, 3: 0, 4: 0}",1
389,False,"{'a': 0.5, 'e': 0.020048906868060788}",25,17,14.387070500330154,"{0: 8, 1: 0, 2: 0, 3: 0, 4: 0}",1
390,False,"{'a': 0.5, 'e': 0.01984841779938018}",25,17,14.04080003953383,"{0: 8, 1: 0, 2: 0, 3: 0, 4: 0}",1
391,False,"{'a': 0.5, 'e': 0.019649933621386378}",20,15,9.615999556607264,"{0: 5, 1: 0, 2: 0, 3: 0, 4: 0}",1
392,False,"{'a': 0.5, 'e': 0.019453434285172513}",25,9,28.50810191814211,"{0: 16, 1: 0, 2: 0, 3: 0, 4: 0}",1
393,False,"{'a': 0.5, 'e': 0.019258899942320787}",20,12,16.227705009852315,"{0: 8, 1: 0, 2: 0, 3: 0, 4: 0}",1
394,False,"{'a': 0.5, 'e': 0.01906631094289758}",30,3,29.973394960280814,"{0: 26, 1: 0, 2: 1, 3: 0, 4: 0}",1
395,False,"{'a': 0.5, 'e': 0.018875647833468602}",25,20,10.680142058173038,"{0: 5, 1: 0, 2: 0, 3: 0, 4: 0}",1
396,False,"{'a': 0.5, 'e': 0.018686891355133916}",30,18,24.672320756549684,"{0: 12, 1: 0, 2: 0, 3: 0, 4: 0}",1
397,False,"{'a': 0.5, 'e': 0.018500022441582577}",30,22,16.731609246776173,"{0: 8, 1: 0, 2: 0, 3: 0, 4: 0}",1
398,False,"{'a': 0.5, 'e': 0.01831502221716675}",20,12,15.60562248279978,"{0: 8, 1: 0, 2: 0, 3: 0, 4: 0}",1
399,False,"{'a': 0.5, 'e': 0.018131871994995084}",30,16,24.10288118101073,"{0: 14, 1: 0, 2: 0, 3: 0, 4: 0}",1
400,False,"{'a': 0.5, 'e': 0.017950553275045134}",20,7,21.009080732584785,"{0: 13, 1: 0, 2: 0, 3: 0, 4: 0}",1
401,False,"{'a': 0.5, 'e': 0.017771047742294682}",30,8,39.836660157494514,"{0: 22, 1: 0, 2: 0, 3: 0, 4: 0}",1
402,False,"{'a': 0.5, 'e': 0.017593337264871736}",20,11,11.906112093694007,"{0: 9, 1: 0, 2: 0, 3: 0, 4: 0}",1
403,False,"{'a': 0.5, 'e': 0.01741740389222302}",25,18,14.146485454522216,"{0: 7, 1: 0, 2: 0, 3: 0, 4: 0}",1
404,False,"{'a': 0.5, 'e': 0.01724322985330079}",20,14,14.634851250492117,"{0: 6, 1: 0, 2: 0, 3: 0, 4: 0}",1
405,False,"{'a': 0.5, 'e': 0.017070797554767782}",20,8,22.92146917786919,"{0: 12, 1: 0, 2: 0, 3: 0, 4: 0}",1
406,False,"{'a': 0.5, 'e': 0.016900089579220106}",25,15,19.096284956225677,"{0: 10, 1: 0, 2: 0, 3: 0, 4: 0}",1
407,False,"{'a': 0.5, 'e': 0.016731088683427906}",25,11,27.482868732069438,"{0: 14, 1: 0, 2: 0, 3: 0, 4: 0}",1
408,False,"{'a': 0.5, 'e': 0.016563777796593626}",25,12,-16.633801128854266,"{0: 12, 1: 0, 2: 0, 3: 0, 4: 1}",1
409,False,"{'a': 0.5, 'e': 0.016398140018627688}",25,15,-2.050260412899425,"{0: 9, 1: 0, 2: 0, 3: 1, 4: 0}",1
410,False,"{'a': 0.5, 'e': 0.01623415861844141}",25,15,-5.5094779186114895,"{0: 9, 1: 0, 2: 0, 3: 1, 4: 0}",1
411,False,"{'a': 0.5, 'e': 0.016071817032256998}",20,11,17.668640197406123,"{0: 9, 1: 0, 2: 0, 3: 0, 4: 0}",1
412,False,"{'a': 0.5, 'e': 0.01591109886193443}",20,12,16.89020791168071,"{0: 8, 1: 0, 2: 0, 3: 0, 4: 0}",1
413,False,"{'a': 0.5, 'e': 0.015751987873315085}",20,9,19.843900243387083,"{0: 11, 1: 0, 2: 0, 3: 0, 4: 0}",1
414,False,"{'a': 0.5, 'e': 0.015594467994581935}",20,2,-14.02100029952903,"{0: 17, 1: 0, 2: 0, 3: 0, 4: 1}",1
415,False,"{'a': 0.5, 'e': 0.015438523314636115}",25,15,10.170605021107383,"{0: 9, 1: 1, 2: 0, 3: 0, 4: 0}",1
416,False,"{'a': 0.5, 'e': 0.015284138081489753}",25,12,22.161845300472095,"{0: 13, 1: 0, 2: 0, 3: 0, 4: 0}",1
417,False,"{'a': 0.5, 'e': 0.015131296700674856}",30,16,25.96444424698757,"{0: 14, 1: 0, 2: 0, 3: 0, 4: 0}",1
418,False,"{'a': 0.5, 'e': 0.014979983733668108}",25,19,-10.996062271876202,"{0: 5, 1: 0, 2: 0, 3: 1, 4: 0}",1
419,False,"{'a': 0.5, 'e': 0.014830183896331426}",20,16,5.628828002919948,"{0: 4, 1: 0, 2: 0, 3: 0, 4: 0}",1
420,False,"{'a': 0.5, 'e': 0.014681882057368112}",25,11,27.387427208062608,"{0: 14, 1: 0, 2: 0, 3: 0, 4: 0}",1
421,False,"{'a': 0.5, 'e': 0.01453506323679443}",25,12,25.174438177234144,"{0: 13, 1: 0, 2: 0, 3: 0, 4: 0}",1
422,False,"{'a': 0.5, 'e': 0.014389712604426485}",25,17,12.714676678140542,"{0: 8, 1: 0, 2: 0, 3: 0, 4: 0}",1
423,False,"{'a': 0.5, 'e': 0.01424581547838222}",20,14,11.81318496780379,"{0: 6, 1: 0, 2: 0, 3: 0, 4: 0}",1
424,False,"{'a': 0.5, 'e': 0.014103357323598397}",20,10,19.19601672128645,"{0: 10, 1: 0, 2: 0, 3: 0, 4: 0}",1
425,False,"{'a': 0.5, 'e': 0.013962323750362413}",30,22,12.71628174908965,"{0: 8, 1: 0, 2: 0, 3: 0, 4: 0}",1
426,False,"{'a': 0.5, 'e': 0.013822700512858789}",25,18,14.579748658884194,"{0: 7, 1: 0, 2: 0, 3: 0, 4: 0}",1
427,False,"{'a': 0.5, 'e': 0.0136844735077302}",20,5,26.569345581222485,"{0: 15, 1: 0, 2: 0, 3: 0, 4: 0}",1
428,False,"{'a': 0.5, 'e': 0.013547628772652899}",20,13,8.21941278066465,"{0: 7, 1: 0, 2: 0, 3: 0, 4: 0}",1
429,False,"{'a': 0.5, 'e': 0.01341215248492637}",25,8,-8.90954983584103,"{0: 16, 1: 0, 2: 0, 3: 0, 4: 1}",1
430,False,"{'a': 0.5, 'e': 0.013278030960077106}",20,14,10.529032723372525,"{0: 6, 1: 0, 2: 0, 3: 0, 4: 0}",1
431,False,"{'a': 0.5, 'e': 0.013145250650476335}",30,23,13.07704101469855,"{0: 7, 1: 0, 2: 0, 3: 0, 4: 0}",1
432,False,"{'a': 0.5, 'e': 0.01301379814397157}",20,9,11.363906087365784,"{0: 10, 1: 0, 2: 1, 3: 0, 4: 0}",1
433,False,"{'a': 0.5, 'e': 0.012883660162531854}",20,9,18.1700873953415,"{0: 11, 1: 0, 2: 0, 3: 0, 4: 0}",1
434,False,"{'a': 0.5, 'e': 0.012754823560906535}",20,15,9.460769190313439,"{0: 5, 1: 0, 2: 0, 3: 0, 4: 0}",1
435,False,"{'a': 0.5, 'e': 0.01262727532529747}",30,15,29.212229996920726,"{0: 15, 1: 0, 2: 0, 3: 0, 4: 0}",1
436,False,"{'a': 0.5, 'e': 0.012501002572044496}",25,13,18.817764324644195,"{0: 12, 1: 0, 2: 0, 3: 0, 4: 0}",1
437,False,"{'a': 0.5, 'e': 0.01237599254632405}",30,20,17.5979206884706,"{0: 10, 1: 0, 2: 0, 3: 0, 4: 0}",1
438,False,"{'a': 0.5, 'e': 0.01225223262086081}",20,16,6.00283973710353,"{0: 4, 1: 0, 2: 0, 3: 0, 4: 0}",1
439,False,"{'a': 0.5, 'e': 0.012129710294652202}",25,11,26.813466332708334,"{0: 14, 1: 0, 2: 0, 3: 0, 4: 0}",1
440,False,"{'a': 0.5, 'e': 0.01200841319170568}",25,9,26.868157249341895,"{0: 16, 1: 0, 2: 0, 3: 0, 4: 0}",1
441,False,"{'a': 0.5, 'e': 0.011888329059788623}",20,8,20.966502229618758,"{0: 12, 1: 0, 2: 0, 3: 0, 4: 0}",1
442,False,"{'a': 0.5, 'e': 0.011769445769190737}",30,19,21.527045139345788,"{0: 11, 1: 0, 2: 0, 3: 0, 4: 0}",1
443,False,"{'a': 0.5, 'e': 0.01165175131149883}",20,5,17.593914404772523,"{0: 14, 1: 0, 2: 1, 3: 0, 4: 0}",1
444,False,"{'a': 0.5, 'e': 0.011535233798383842}",25,7,30.924654011092734,"{0: 18, 1: 0, 2: 0, 3: 0, 4: 0}",1
445,False,"{'a': 0.5, 'e': 0.011419881460400004}",20,10,18.920986877696777,"{0: 10, 1: 0, 2: 0, 3: 0, 4: 0}",1
446,False,"{'a': 0.5, 'e': 0.011305682645796004}",25,14,19.53400396135786,"{0: 11, 1: 0, 2: 0, 3: 0, 4: 0}",1
447,False,"{'a': 0.5, 'e': 0.011192625819338045}",20,1,31.451866201607338,"{0: 18, 1: 1, 2: 0, 3: 0, 4: 0}",1
448,False,"{'a': 0.5, 'e': 0.011080699561144665}",25,11,24.72192700250083,"{0: 14, 1: 0, 2: 0, 3: 0, 4: 0}",1
449,False,"{'a': 0.5, 'e': 0.010969892565533218}",25,10,3.4967514369549404,"{0: 13, 1: 0, 2: 2, 3: 0, 4: 0}",1
450,False,"{'a': 0.5, 'e': 0.010860193639877886}",30,15,29.690233530155922,"{0: 15, 1: 0, 2: 0, 3: 0, 4: 0}",1
451,False,"{'a': 0.5, 'e': 0.010751591703479106}",25,14,26.361016391928594,"{0: 11, 1: 0, 2: 0, 3: 0, 4: 0}",1
452,False,"{'a': 0.5, 'e': 0.010644075786444315}",20,13,14.663184116097426,"{0: 7, 1: 0, 2: 0, 3: 0, 4: 0}",1
453,False,"{'a': 0.5, 'e': 0.010537635028579873}",30,20,20.376077568229746,"{0: 10, 1: 0, 2: 0, 3: 0, 4: 0}",1
454,False,"{'a': 0.5, 'e': 0.010432258678294073}",20,9,13.128477049441397,"{0: 10, 1: 1, 2: 0, 3: 0, 4: 0}",1
455,False,"{'a': 0.5, 'e': 0.010327936091511133}",20,12,16.65858841032768,"{0: 8, 1: 0, 2: 0, 3: 0, 4: 0}",1
456,False,"{'a': 0.5, 'e': 0.010224656730596022}",30,3,40.32569445941335,"{0: 27, 1: 0, 2: 0, 3: 0, 4: 0}",1
457,False,"{'a': 0.5, 'e': 0.01012241016329006}",30,15,25.669714965543946,"{0: 15, 1: 0, 2: 0, 3: 0, 4: 0}",1
458,False,"{'a': 0.5, 'e': 0.01002118606165716}",20,7,25.81408670780158,"{0: 13, 1: 0, 2: 0, 3: 0, 4: 0}",1
459,False,"{'a': 0.5, 'e': 0.009920974201040588}",20,12,12.86112550699357,"{0: 8, 1: 0, 2: 0, 3: 0, 4: 0}",1
1,True,"{'a': 0.0, 'e': 0.0}",20,8,21.54074101631084,"{0: 12, 1: 0, 2: 0, 3: 0, 4: 0}",1
2,True,"{'a': 0.0, 'e': 0.0}",20,8,22.79761523675842,"{0: 12, 1: 0, 2: 0, 3: 0, 4: 0}",1
3,True,"{'a': 0.0, 'e': 0.0}",20,8,22.071756453172164,"{0: 12, 1: 0, 2: 0, 3: 0, 4: 0}",1
4,True,"{'a': 0.0, 'e': 0.0}",25,14,19.314328701721337,"{0: 11, 1: 0, 2: 0, 3: 0, 4: 0}",1
5,True,"{'a': 0.0, 'e': 0.0}",20,9,23.283595646017638,"{0: 11, 1: 0, 2: 0, 3: 0, 4: 0}",1
6,True,"{'a': 0.0, 'e': 0.0}",20,11,17.083537533040335,"{0: 9, 1: 0, 2: 0, 3: 0, 4: 0}",1
7,True,"{'a': 0.0, 'e': 0.0}",20,6,26.527216237374198,"{0: 14, 1: 0, 2: 0, 3: 0, 4: 0}",1
8,True,"{'a': 0.0, 'e': 0.0}",20,12,15.365975631694019,"{0: 8, 1: 0, 2: 0, 3: 0, 4: 0}",1
9,True,"{'a': 0.0, 'e': 0.0}",25,17,15.556500950834252,"{0: 8, 1: 0, 2: 0, 3: 0, 4: 0}",1
10,True,"{'a': 0.0, 'e': 0.0}",30,19,21.81276462632811,"{0: 11, 1: 0, 2: 0, 3: 0, 4: 0}",1
